url,type
seven.pairlist.net/mailman/listinfo/twilighttime/,phishing
www.firedrake.org/panurge/imaz.htm,phishing
games.groups.yahoo.com/group/RPG_Player_Sanctuary/,phishing
games.groups.yahoo.com/group/GreenRegent/,phishing
games.groups.yahoo.com/group/apalladiummegaverse/,phishing
games.groups.yahoo.com/group/RPG_Classified_ads/,phishing
games.groups.yahoo.com/group/rpg-create/,phishing
www.wizards.com/rpga/,phishing
hem2.passagen.se/aod/,phishing
www.abdn.ac.uk/~src018/,phishing
www.dusa.dundee.ac.uk/durps/,phishing
www.rpg-soc.ucam.org/curs/,phishing
users.ox.ac.uk/~rpgsoc/,phishing
www.angelfire.com/games5/kgc/,phishing
members.tripod.com/~theguild/,phishing
www.angelfire.com/wi/TheGod/index.html,phishing
members.tripod.com/~LA_GameDay/,phishing
studentclubs.winona.edu/rpsig/,phishing
www.angelfire.com/rpg/hoovershome/,phishing
www.rahul.net/pierre/SRP/SRP_home.html,phishing
www.uwsp.edu/stuorg/gasp/,phishing
www.angelfire.com/ny5/dropitnow00/,phishing
www.angelfire.com/tx3/baalek/,phishing
tech.groups.yahoo.com/group/thetwilightgamesclub/,phishing
mysite.verizon.net/reszbfre/Mskina/,phishing
students.brown.edu/Fantasy/,phishing
yoyo.cc.monash.edu.au/~murp/,phishing
users.tpg.com.au/users/adslcpc5/,phishing
www.cale.com/paper.htm,phishing
games.groups.yahoo.com/group/car-pga/,phishing
www.cnn.com/books/reviews/9909/03/embrace/,phishing
www.karisable.com/ymvamp.htm,phishing
www.crossroad.to/text/articles/D&amp;D&amp;Harry.htm,phishing
www.chick.com/reading/tracts/0046/0046_01.asp,phishing
www.religioustolerance.org/d_a_d.htm,phishing
athos.rutgers.edu/pub/soc.religion.christian/faq/d&amp;d,phishing
www.watchman.org/occult/frpgames2.htm,phishing
www.chick.com/articles/frpg.asp,phishing
www.chick.com/articles/dnd.asp,phishing
elephanticity.250x.com/xianches.html,phishing
www.logosresourcepages.org/Occult/dnd-ovr.htm,phishing
www.mjyoung.net/dungeon/confess.html,phishing
www-personal.umich.edu/~acm/WIG/WIGindex.html,phishing
www.rpg.net/news+reviews/columns/guestaug99.html,phishing
www.rpg.net/news+reviews/columns/nov97.html,phishing
www.rpg.net/news+reviews/columns/acksep97.html,phishing
www.rpg.net/news+reviews/collists/vecna.html,phishing
www.anderware.org/dev/,phishing
direpress.bin.sh/tools/,phishing
dicelog.com/dice,phishing
www.harlekin-maus.com/index.html,phishing
www.realms.org.uk/bedlam/,phishing
www.homebrew.net/games/heavy.html,phishing
koti.mbnet.fi/~atolonen/faunae/faunae.html,phishing
www.homebrew.net/games/,phishing
www.angelfire.com/rpg2/suikodenrpg/Main.html,phishing
games.groups.yahoo.com/group/rpgwritersclub/,phishing
www.nettrash.com/users/crayne/soap.html,phishing
www.1km1kt.net/cat/rpg,phishing
www.xs4all.nl/~gurth/index.html,phishing
patric.net/morpheus/,phishing
members.tripod.com/~limsk/,phishing
www.angelfire.com/ky/toweroftelustis/index.html,phishing
www.angelfire.com/wi/rpgfreak00/,phishing
www.wolfram.demon.co.uk/roleplaying_top.html,phishing
www.math.utah.edu/~calfeld/creations/sheets/,phishing
www.angelfire.com/home/storyte11er/,phishing
www.angelfire.com/rpg/swordshield/,phishing
my.voyager.net/~marck/,phishing
home.comcast.net/~blayne81/rpgs1.htm,phishing
home.comcast.net/~otterpooka/,phishing
members.ozemail.com.au/~iandl57/,phishing
www.rpggateway.com/rpgring/,phishing
www.webring.com/hub?ring=bonex,phishing
www.webring.com/hub?ring=roff,phishing
www.webring.com/hub?ring=r1ngbearer,phishing
www.webring.com/hub?ring=pmartring,phishing
www.webring.com/hub?ring=palladium,phishing
www.webring.com/hub?ring=roaring,phishing
www.webring.com/hub?ring=soulhome,phishing
www.webring.com/hub?ring=archmage,phishing
www.webring.com/hub?ring=rpgadl&amp;list,phishing
www.webring.com/hub?ring=rpgaweb,phishing
www.webring.com/hub?ring=sdcring,phishing
www.webring.com/hub?ring=rhiannon13,phishing
www.rpggateway.com/cgi-bin/rpgring/list.pl?ringid=plaring,phishing
www.rpggateway.com/cgi-bin/rpgring/list.pl?ringid=Angstgg,phishing
www.webring.com/hub?ring=rpgnetwork1,phishing
hiddenway.tripod.com/world/,phishing
www.angelfire.com/rpg/fwbforum/,phishing
www.web-writer.net/fantasy/,phishing
www.fantasist.net/timeline.shtml,phishing
www.eclecticco.net/Worldbuilding.htm,phishing
zhalindor.com/staats2.htm,phishing
rabiki.com/fargoth/,phishing
www.nbos.com/products/sketcher/sketcher.htm,phishing
sourceforge.net/projects/cl-charman,phishing
games.groups.yahoo.com/group/world-create/,phishing
games.groups.yahoo.com/group/rpg-tools/,phishing
zompist.com/virtuver.htm,phishing
www.niksula.cs.hut.fi/~juuso/domus/,phishing
www.mit.edu:8001/people/boojum/tzalmir.html,phishing
www.xs4all.nl/~vanip/daleth,phishing
members.tripod.com/~kimril/qaiyore/index.html,phishing
juergen.the-huberts.net/pisces/index.html,phishing
games.groups.yahoo.com/group/abrigon-world/,phishing
home.swipnet.se/~w-96979/aleder/,phishing
members.tripod.com/grahamjmabey/,phishing
www.angelfire.com/scifi/silver/,phishing
www.angelfire.com/games3/elivone/,phishing
members.tripod.com/~thethird/tu.html,phishing
hiddenway.tripod.com/adelfarn/,phishing
just-john.com/zam/ezframe.HTML,phishing
www.hoboes.com/html/RPG/Highland/,phishing
immortalco.tripod.com/kemenhomepage.html,phishing
digilander.libero.it/dwarvenworld/,phishing
employees.csbsju.edu/rsorensen/siritea/default.htm,phishing
members.tripod.com/~hawk_wind/trinalia/trinalia.html,phishing
www.legolas.org/llanowar/,phishing
members.multimania.co.uk/withnada/,phishing
hem.fyristorg.com/bolongo/eastwilds.html,phishing
www.eiderweb.net/glorantha.html,phishing
www.pensee.com/dunham/glorantha.html,phishing
www.oocities.org/bernuetz/,phishing
www.cs.cmu.edu/~tpope/local-group/index.html,phishing
groups.yahoo.com/group/Lungfishalpha/,phishing
www.angelfire.com/realm2/comgalaxy/,phishing
www.webring.com/hub?ring=imagecount,phishing
www.webring.com/hub?ring=worlds,phishing
www.quetzal.com/conlang.html,phishing
www.zompist.com/kit.html,phishing
www.projectrho.com/starmap.html,phishing
www.brodt.dk/peter/maps.html,phishing
www.nbos.com/products/mapper/mapper.htm,phishing
www.rpg.net/news+reviews/reviews/rev_5889.html,phishing
www.rpg.net/news+reviews/reviews/rev_2821.html,phishing
www.tavernmaker.de/eng/men-eng-inf.htm,phishing
games.groups.yahoo.com/group/MoccaMapper/,phishing
games.groups.yahoo.com/group/FractalMapper/,phishing
www.ericjorgensen.com/html/tm.htm,phishing
www.rpg.net/news+reviews/reviews/rev_2489.html,phishing
www.rpg.net/news+reviews/reviews/rev_5958.html,phishing
games.groups.yahoo.com/group/autorealm/,phishing
www.webring.com/hub?ring=autorealm,phishing
www.angelfire.com/rpg2/cartographer/,phishing
games.groups.yahoo.com/group/CC2-Macros/,phishing
www.profantasy.com/products/cd3.asp,phishing
www.profantasy.com/products/dd3.asp,phishing
opansdctiles.tripod.com/dctiles/index.htm,phishing
efreitcustoms.tripod.com/main.html,phishing
www.znark.com/create/,phishing
www.lysator.liu.se/~johol/fwmg/fwmg.html,phishing
www.ridgenet.net/~jslayton/software.html,phishing
www.fourmilab.ch/terranova/terranova.html,phishing
www.eldritch.org/erskin/roleplaying/planet.php,phishing
www.ridgenet.net/~jslayton/mars/index.html,phishing
www.profantasy.com/products/ft.asp,phishing
www.gaminggeeks.org/Resources/KateMonk/,phishing
www.s-gabriel.org/names/,phishing
www.emmadavies.net/fairy/,phishing
www.emmadavies.net/vampire/,phishing
www.irielion.com/israel/reggaename.html,phishing
gfhiryuu.tripod.com/random/index.html,phishing
www.squid.org/tools/names/,phishing
rinkworks.com/namegen/,phishing
www.kleimo.com/random/name.cfm,phishing
nssdc.gsfc.nasa.gov/planetary/planetfact.html,phishing
www.xs4all.nl/~spaanszt/Domino_Plaza.html,phishing
www.centralconnector.com/GAMES/dominoes.html,phishing
www.tradgames.org.uk/games/Dominoes.htm,phishing
www.angelfire.com/tx5/dom42texasstyleclub/,phishing
www.gamecabinet.com/rules/DominoIntro.html,phishing
www.compendia.co.uk/dominoes.htm,phishing
games.groups.yahoo.com/group/dominoes42texasstyle2/,phishing
en.wikipedia.org/wiki/Dominoes,phishing
home.earthlink.net/~42club/42Club/index.html,phishing
www.pagat.com/pointtrk/42.html,phishing
www.gamecabinet.com/rules/DominoGames.html,phishing
www.pagat.com/tile/wdom/index.html,phishing
www.dominoopen.64g.ru/en.htm,phishing
home.earthlink.net/~42club/Texas42Club.US/theoriginal/,phishing
www.learnplaywin.net/dominoes/,phishing
en.wikipedia.org/wiki/42_(dominoes),phishing
www.cardsanddominoes.com/html/42.html,phishing
www.chessandpoker.com/dominoes-strategy.html,phishing
www.delfosse.com/mahjong.html,phishing
www.soyouwanna.com/site/syws/mahjong/mahjong.html,phishing
www.xs4all.nl/~korntner/mahjong/nanette/nan_notes.html,phishing
spotlightongames.com/analysis/mahjongg.html,phishing
spotlightongames.com/chart/mj.html,phishing
sky116688.tripod.com/mahjong/maj_start.html,phishing
santiago.mapache.org/games/mahjong/,phishing
www.mahjonggmatchup.com/forum/,phishing
en.wikipedia.org/wiki/Mahjong,phishing
www.garethjmsaunders.co.uk/mahjong/,phishing
www.freewebs.com/mahjonng/,phishing
www.freewebs.com/mah-jong/,phishing
w1.1332.telia.com/~u133200063/,phishing
"'www.hasbro.com/common/instruct/Mahjongg,nationalleaguerulesfor.PDF'",phishing
home.netvigator.com/~tarot/Mahjong/Mahjong.html,phishing
otal.umd.edu/~vg/amst205.F96/vj07/project3.html,phishing
www.free-conversant.com/mindspill/156,phishing
www.lacobie.org/Mahjong.html,phishing
www.xs4all.nl/~pega/mjlist.htm,phishing
www.safalra.com/other/mahjong.html,phishing
home.online.no/~harc/mahjongg/,phishing
www.webring.com/hub?ring=mahjong,phishing
www.angelfire.com/nj/MahJongg/3fan.html,phishing
sites.google.com/site/mahjrules/,phishing
www.imahjong.com/maiarchives.html,phishing
mah-jong.dfdanse.com/english/,phishing
www.boardgamegeek.com/viewitem.php3?gameid=2430,phishing
www.discovergames.com/Picktwo.html,phishing
www.gamereport.com/tgr8/picktwo.html,phishing
www.toydirectory.com/Quinto/,phishing
www.gamepile.com/details.php?id=19,phishing
globetrotter-games.com/index.htm?E&amp;game/eSpectr.htm,phishing
www.gamereport.com/tgr16/tisby.html,phishing
www.centralconnector.com/GAMES/unodominos.html,phishing
rumblerobots.fateback.com/home.htm,phishing
songbird-productions.com/timestream/timestream.shtml,phishing
www.degeneratepress.com/identity_crisis/,phishing
www.angelfire.com/in3/7thccg/,phishing
trade.mahasamatman.com/7Sea/,phishing
www.juggler.demon.co.uk/avp/,phishing
members.tripod.com/~apccg/,phishing
robkelk.ottawa-anime.org/animayhem/ani-ccg.html,phishing
www.angelfire.com/ak4/FoxesDen/,phishing
games.groups.yahoo.com/group/BattleTech-CCG/,phishing
www.angelfire.com/games4/buffyccg/,phishing
osirus.sinfree.net/boosterboy.htm,phishing
thewinternet.com/doomtrooper/darkeden/,phishing
freepages.pavilion.net/users/gold-flash/deadfram.htm,phishing
www.crystalkeep.com/tcg/doomtown/,phishing
globetrotter-games.com/index.htm?E&amp;game/eDoomTr.htm,phishing
www.angelfire.com/dbz/cardgame/,phishing
www.angelfire.com/vt2/dragonballz20098main/,phishing
www.freewebs.com/saiyanf-x/,phishing
boardgames.about.com/b/2004/07/21/dragon-booster-trading-card-game-preview.htm,phishing
en.wikipedia.org/wiki/Dragon_Booster_Trading_Card_Game,phishing
www.boardgamegeek.com/game/18656,phishing
groups.yahoo.com/group/dragonstormcards/,phishing
'www.sff.net/people/TerryO\'Brien/Characters/dragonstorm.htm',phishing
groups.yahoo.com/group/dragonstorm/,phishing
www.rpg.net/news+reviews/reviews/rev_3032.html,phishing
www.rpg.net/news+reviews/reviews/rev_219.html,phishing
www.ccgdb.com/duelmasters/,phishing
en.wikipedia.org/wiki/Duel_Masters,phishing
jawaking00.tripod.com/jawaking/index.html,phishing
www.bullington.us/galacticempires/,phishing
membres.multimania.fr/gpk/,phishing
philbarfly.free.fr/ANGLAIS/display.htm,phishing
www.crystalkeep.com/tcg/guardians/,phishing
www.pojo.com/harrypotter/,phishing
www.emse.fr/~yukna/harrypotter/harrycards/harrycards.html,phishing
eric2001.brinkster.net/links.asp,phishing
www.sjgames.com/inwo/SubGenius/,phishing
members.tripod.com/knightmarechess/,phishing
www.sjgames.com/knightmare/,phishing
www.thewinternet.com/games/kult/index.html,phishing
www.superaje.com/~canuck/tlc/,phishing
grognard.com/reviews/lastcrus.txt,phishing
www.panix.com/~sos/bc/tlc.html,phishing
members.tripod.com/~Kutchin/page1.htm,phishing
www.angelfire.com/fl/thedynasty/index.html,phishing
www.angelfire.com/fl/obsidian/monkey.html,phishing
imperialblock.com/cgi-bin/index.cgi,phishing
www.stormloader.com/users/crabclan/crab.htm,phishing
www.stormpages.com/toyvits/,phishing
www.angelfire.com/ego/l5rphilippines/,phishing
www.munitions.com/~fianna/lion/main.html,phishing
www.angelfire.com/nt/mtview/km.html,phishing
www.trevorstone.org/l5r/tactics/,phishing
my.execpc.com/~tlmadden/games/l5r/,phishing
toysmakeuspowerful.com/search,phishing
www.pojo.com/magic/,phishing
www.angelfire.com/in3/me3/index.html,phishing
www.angelfire.com/tx3/mattsmagic/,phishing
www.angelfire.com/games5/mtgzone/,phishing
www.xs4all.nl/~whizky/magic.html,phishing
members.tripod.com/Chet84/index.html,phishing
www.angelfire.com/realm/mystix/,phishing
www.angelfire.com/pa/smokedragon/,phishing
members.tripod.com/~fyopy/,phishing
www.angelfire.com/games3/magiccardinfo/index.html,phishing
magiccollector0.tripod.com/index.html,phishing
www.angelfire.com/goth/phyrexianlord/index.htm,phishing
www.angelfire.com/wa3/something/enter.html,phishing
rrbd2k.tripod.com/MTG2.html,phishing
www.freewebs.com/magic_the_gathering_player/,phishing
www.angelfire.com/yt3/magic/magic.html,phishing
www.freewebs.com/magic_cards/,phishing
www.freewebs.com/ciel-drax/,phishing
www.freewebs.com/magicriddler/,phishing
www.examiner.com/x-28353-Magic-the-Gathering-Examiner,phishing
narsuitus.tripod.com/magic_card_scans.html,phishing
www.angelfire.com/games4/magicvariants/,phishing
www.angelfire.com/wizard/mtgotrade/index.html,phishing
www.crystalkeep.com/magic/,phishing
www.xs4all.nl/~sotty/casual_magic_the_gathering/,phishing
www.freewebs.com/magicthegatheringcards/index.htm,phishing
magiccollector0.tripod.com/magicthegathering/,phishing
www.gmks.com/MAGIC/Analyst.html,phishing
wololo.net/wagic/,phishing
groups.yahoo.com/group/sandiegomagic/,phishing
www.professional-events.com/index-WotC.htm,phishing
games.groups.yahoo.com/group/houstonmagic/,phishing
uk.groups.yahoo.com/group/Bath-and-Bristol-Magic/,phishing
games.groups.yahoo.com/group/NVML_players/,phishing
games.groups.yahoo.com/group/LA_MTG/,phishing
games.groups.yahoo.com/group/colorado_judges/,phishing
www.freewebs.com/teamdaisuke/,phishing
www.dmrp-games.co.uk/Warlords/Event---RTC00-Rule-the-Coast.php,phishing
www.squidoo.com/magic-the-gathering/,phishing
www.angelfire.com/amiga/maginationcryption/index.html,phishing
www.non.com/metw/,phishing
www2.odn.ne.jp/ring/EasterlingCamp.htm,phishing
council.gwaihir.net/meccg/index.html,phishing
www.meccg.net/belgium/,phishing
www.wizards.com/default.asp?x=showdown/mlb,phishing
www.chaosium.com/mythos/,phishing
www.student.oulu.fi/~sarenius/mytlist.htm,phishing
www.darkpact.de/netrunner/netrunner.html,phishing
membres.multimania.fr/netrunnerfrance/,phishing
home.pacifier.com/~cine/cards.html,phishing
www.atlas-games.com/ontheedge/,phishing
www.angelfire.com/ct/cannonfodder/,phishing
members.tripod.com/the_twinz/index.htm,phishing
www.angelfire.com/wi/pokemontcg/,phishing
www.angelfire.com/mt/montanamax/Pokemon.html,phishing
tcgparadise.tripod.com/index.html,phishing
petekun.tripod.com/index.html,phishing
www.angelfire.com/pokemon/dynamics/,phishing
bmspro.tripod.com/index.html,phishing
www.freewebz.com/team_sprocket_/index.htm,phishing
kidstuff.homestead.com/arcy~ns4.html,phishing
www.angelfire.com/games/pokemon199/index.html,phishing
www.angelfire.com/pokemon/maincenter/,phishing
www.angelfire.com/fl3/pokehome/,phishing
www.sugarshock.net/zeo,phishing
www.angelfire.com/pokemon2/umbreon3/,phishing
www.angelfire.com/wv/articunopalace/main.html,phishing
www.freewebs.com/ccpokemon/,phishing
www.angelfire.com/anime3/m_haiena/Rage.html,phishing
www.mistrunner.com/swiftrat/,phishing
www.angelfire.com/ak2/darkwolf/,phishing
www.mistrunner.com/rage/index.html,phishing
www.lycanon.org/kickaha/rage/,phishing
games.groups.yahoo.com/group/rageinfo/,phishing
ruyeyama.best.vwh.net/ragepage.html,phishing
trade.mahasamatman.com/Rage/,phishing
www.angelfire.com/az/RageNow/,phishing
community.livejournal.com/rage_ccg/,phishing
www.angelfire.com/tn/Redemptioncards/,phishing
www.flick.com/games/shadowfist/,phishing
www.hafhead.com/fist/,phishing
groups.yahoo.com/group/ShadowfistTrading/,phishing
www.crystalkeep.com/tcg/shadowfist/,phishing
www.afn.org/~afn63169/sf/,phishing
www.angelfire.com/wizard/magius0/MagiusHome.html,phishing
www.chebucto.ns.ca/~ag706/spellfire/index.html,phishing
www.claymore.co.za/spellfire/,phishing
www.corfman.com/robert/ccgcards.htm,phishing
www.jklm.net/atn/decipher.html,phishing
www.xs4all.nl/~ldp/COTD.html,phishing
www.angelfire.com/pokemon/astrolounge/,phishing
www.jklm.net/atn/toscg.htm,phishing
cmikehardy.tripod.com/starwarsccg.htm,phishing
www.angelfire.com/va2/rogueninesbase/,phishing
www.wheelon.com/ccg/card_lists/swccg.htm,phishing
members.tripod.com/~vader007/itehome.htm,phishing
www.angelfire.com/tx/Arcona/,phishing
angelfire.com/fl2/beakmansworld,phishing
www.angelfire.com/sc/swccgmadness/,phishing
www.angelfire.com/ar/toodetoo/,phishing
www.wizards.com/default.asp?x=swtcg,phishing
www.skywlkr.net/idc/,phishing
wunderland.com/WTS/Chort/SuperNova/,phishing
www.angelfire.com/ok3/lara/,phishing
www.angelfire.com/ny/starwars100/,phishing
members.multimania.nl/tesie/,phishing
www.deckserver.net/jol/,phishing
www.ugcs.caltech.edu/~justinf/jyhad/index.html,phishing
www.thelasombra.com/ClanPages/index.html,phishing
www.thelasombra.com/vtes_faq.htm,phishing
groups.yahoo.com/group/VTES_Custom/,phishing
webring.com/hub?ring=vtes,phishing
games.groups.yahoo.com/group/vtes/,phishing
members.tripod.com/~Merlisk/jyhad/jyhad.html,phishing
www.darkwindrising.com/vampire/home.asp,phishing
www.angelfire.com/ok3/wheel/,phishing
www.webring.com/hub?ring=wheeloftimeccg,phishing
users.telenet.be/babfive/wotIntro.html,phishing
www.angelfire.com/freak2/ghettodope/,phishing
www.angelfire.com/mo2/swrules/index.html,phishing
groups.yahoo.com/group/yugioh_card_club/,phishing
groups.yahoo.com/group/Yu-gi-oh_Trading_card_game/,phishing
www.freewebs.com/joeywheeler/,phishing
open-site.org/Games/Video_Games/,phishing
www.robinlionheart.com/gamedev/genres.xhtml,phishing
www.pbs.org/kcts/videogamerevolution/,phishing
www.literature-study-online.com/essays/alice_video.html,phishing
www.contempaesthetics.org/newvolume/pages/article.php?articleID=299,phishing
noctalis.com/dis/alice/,phishing
www.gamespot.com/pc/action/americanmcgeesalice/,phishing
www.loonygames.com/content/2.1/feat/,phishing
'www.armchairempire.com/Reviews/PC\%20Games/alice.htm',phishing
'www.epinions.com/game_Titles_PC-Current-American_McGee\'s_Alice',phishing
pc.ign.com/articles/164/164054p1.html,phishing
www.actiontrip.com/reviews/americanmcgeesalice.phtml,phishing
www.gamepro.com/computer/pc/games/reviews/7540.shtml,phishing
www.firingsquad.com/games/alicereview/,phishing
www.gamespot.com/pc/action/americanmcgeesalice/review.html,phishing
www.mobygames.com/game/windows/american-mcgees-alice,phishing
www.gamerevolution.com/review/pc/alice,phishing
xbox.gamespy.com/xbox/bad-day-la/,phishing
xbox.ign.com/objects/744/744182.html,phishing
games.teamxbox.com/xbox/1144/Bad-Day-LA/,phishing
www.1up.com/do/reviewPage?cId=3153433&amp;did=1,phishing
www.gamespot.com/xbox/action/baddayla/,phishing
www.eurogamer.net/article.php?article_id=66766,phishing
www.gamefaqs.com/computer/doswin/data/927569.html,phishing
www.gamestats.com/objects/744/744182/,phishing
www.gamespot.com/pc/action/aquaria/news.html?sid=6167057,phishing
"'www.avclub.com/articles/aquaria,7322/'",phishing
www.bit-blot.com/aquaria/,phishing
www.gamecritics.com/richard-naik/aquaria-review,phishing
www.eurogamer.net/articles/aquaria-review,phishing
www.gamasutra.com/php-bin/news_index.php?story=11362,phishing
www.escapistmagazine.com/articles/view/columns/insidejob/2814-Inside-Job-Interview-Aquaria-Creators-Derek-Yu-Alec-Holowka,phishing
www.maclife.com/article/reviews/aquaria,phishing
www.indiegamepod.com/2008/01/podcast-interview-aquaria-developer-and.html,phishing
www.1up.com/do/newsStory?cId=3165147,phishing
www.mobygames.com/game/arabian-nights,phishing
www.gamespot.com/pc/adventure/neverendingstoryaurynquest/,phishing
www.mobygames.com/game/auryn-quest,phishing
www.gameindustry.com/review/item.asp?id=173,phishing
www.cheatcc.com/xb/azurik.html,phishing
www.lunabean.com/xbox/azurik.html,phishing
www.gamespot.com/xbox/adventure/azurikriseofperathia/,phishing
www.xboxexclusive.com/reviews/Azurik/,phishing
xbox.ign.com/articles/166/166181p1.html,phishing
reviews.teamxbox.com/xbox/115/Azurik-Rise-of-Perathia/p1/,phishing
www.mobygames.com/game/xbox/azurik-rise-of-perathia,phishing
xbox360.gamespy.com/xbox-360/bayonetta/,phishing
xbox360.ign.com/objects/142/14253761.html,phishing
uk.gamespot.com/ps3/action/bayonetta/news.html?sid=6190803&amp;om_act=convert&amp;om_clk=newsfeatures&amp;tag=newsfeatures;title;1,phishing
www.angelfire.com/bc3/larry_chimp_man/bcframe.html,phishing
www.gamespot.com/pc/adventure/beyondgoodevil/,phishing
www.gamespot.com/gamecube/adventure/beyondgoodevil/,phishing
www.gamespot.com/xbox/adventure/beyondgoodevil/,phishing
www.gamespot.com/xbox/adventure/beyondgoodevil/review.html,phishing
www.ladygamers.com/jade/,phishing
www.mobygames.com/game/beyond-good-evil,phishing
www.gamespot.com/ps2/adventure/beyondgoodevil/,phishing
www.freewebs.com/shauniunexplained/index.htm,phishing
www.gamefaqs.com/console/ps2/data/561646.html,phishing
ps2.gamespy.com/playstation-2/beyond-good-evil/498449p1.html,phishing
www.gameindustry.com/review/item.asp?id=441,phishing
www.worthplaying.com/article.php?sid=15733,phishing
www.ggmania.com/full.php3?show=5615,phishing
www.worthplaying.com/article.php?sid=15588,phishing
xbox.gamespy.com/xbox/beyond-good-evil/6488p1.html,phishing
www.worthplaying.com/article.php?sid=15640,phishing
www.frictionlessinsight.com/archives/2004/01/beyond-good-evi.html,phishing
worthplaying.com/article/2003/12/17/reviews/14269/,phishing
ps2.gamezone.com/reviews/item/beyond_good_evil_xb_review,phishing
"'www.mobygames.com/game_group/sheet/gameGroupId,1549/'",phishing
www.gamespot.com/ps/adventure/blade/,phishing
www.gamepro.com/sony/ps2/games/reviews/27073.shtml,phishing
ps2.gamespy.com/playstation-2/blade-ii/598106p1.html,phishing
www.gamespot.com/ps2/action/blade2/,phishing
www.gamepro.com/microsoft/xbox/games/reviews/26462.shtml,phishing
xbox.ign.com/articles/369/369969p1.html,phishing
xbox.gamespy.com/xbox/blade-ii/598125p1.html,phishing
www.gamespot.com/xbox/action/blade2/,phishing
www.realmofgaming.com/?page=psxcheats/blasto.php&amp;type=cheats,phishing
www.gamefaqs.com/console/psx/game/196777.html,phishing
www.gamespot.com/ps/action/blasto/,phishing
www.epinions.com/game-Titles-Consoles-SonyPlaystation-All-Blasto,phishing
www.gamerevolution.com/review/sony/blasto,phishing
xbox360.gamespy.com/xbox-360/brutal-legend/,phishing
xbox360.ign.com/objects/142/14210507.html,phishing
games.teamxbox.com/xbox-360/1873/Brtal-Legend/,phishing
www.1up.com/do/previewPage?cId=3173567&amp;p=4,phishing
xbox360.gamespy.com/xbox-360/bullet-witch/,phishing
xbox360.ign.com/objects/791/791122.html,phishing
games.teamxbox.com/xbox-360/1525/Bullet-Witch/,phishing
www.gamespot.com/xbox360/adventure/bulletwitch/,phishing
www.eurogamer.net/game/bullet-witch-xbox360,phishing
www.gamefaqs.com/xbox360/931220-bullet-witch/data,phishing
ps2.ign.com/objects/746/746536.html,phishing
ps2.gamespy.com/playstation-2/bully/,phishing
games.teamxbox.com/xbox/1307/Bully/,phishing
www.gamespot.com/ps2/action/bully/,phishing
www.gamefaqs.com/console/xbox/data/928127.html,phishing
psx.ign.com/articles/366/366480p1.html,phishing
www.gamebits.net/psx/c12final.shtml,phishing
www.gamespot.com/ps/adventure/c12finalresistance/,phishing
pc.gamespy.com/pc/chaos-legion/,phishing
pc.ign.com/objects/605/605947.html,phishing
www.gamespot.com/ps2/action/chaoslegion/,phishing
www.fileplanet.com/94297/0/section/Chaos-Legion,phishing
www.gamefaqs.com/ps2/562317-chaos-legion/data,phishing
www.gamepro.com/article/reviews/30593/chaos-legion/,phishing
ds.gamespy.com/nintendo-ds/chibi-robo-park-patrol/,phishing
ds.ign.com/objects/826/826670.html,phishing
www.gamestats.com/objects/826/826670/,phishing
www.gamespot.com/ds/action/chibirobo/,phishing
www.1up.com/do/gameOverview?cId=3150590,phishing
www.gamefaqs.com/ds/932735-chibi-robo-park-patrol/data,phishing
ds.gamespy.com/nintendo-ds/chronos-twins/,phishing
ds.ign.com/objects/849/849294.html,phishing
www.gamespot.com/ds/action/chronostwins/,phishing
www.gamefaqs.com/ds/935079-chronos-twins/data,phishing
www.eurogamer.net/articles/r_dsroundup_221007,phishing
www.worthplaying.com/article.php?sid=11402,phishing
www.gamespot.com/gamecube/action/conflictdesertstorm/,phishing
cube.gamespy.com/gamecube/conflict-desert-storm/5813p1.html,phishing
www.game-over.net/reviews.php?page=ps2reviews&amp;id=77,phishing
www.gamespot.com/ps2/action/conflictdesertstorm/,phishing
ps2.ign.com/articles/372/372881p1.html,phishing
www.gamespot.com/pc/action/conflictdesertstorm/,phishing
www.gamepro.com/microsoft/xbox/games/reviews/26469.shtml,phishing
www.game-over.net/reviews.php?page=xboxreviews&amp;id=33,phishing
xbox.ign.com/articles/372/372312p1.html,phishing
www.gamespot.com/xbox/action/conflictdesertstorm/,phishing
www.dosgames.com/forum/viewtopic.php?t=2979,phishing
db.gamefaqs.com/computer/doswin/file/crusader.txt,phishing
www.cheatbook.de/files/cru1.htm,phishing
www.gamespot.com/pc/adventure/crusadernoregret/,phishing
www.cheatbook.de/files/crusadernor.htm,phishing
dextremes.com/sega/revs/crusader.html,phishing
www.gamespot.com/saturn/action/crusadernoremorse/,phishing
www.gamespot.com/ps/adventure/crusadernoremorse/,phishing
www.gamespot.com/pc/adventure/crusadernoremorse/,phishing
pc.gamespy.com/pc/daemonica/,phishing
pc.ign.com/objects/726/726892.html,phishing
www.gamespot.com/pc/adventure/daemonica/,phishing
www.gamefaqs.com/pc/926011-daemonica/data,phishing
xbox360.gamespy.com/xbox-360/dantes-inferno/,phishing
xbox360.ign.com/objects/142/14296029.html,phishing
games.teamxbox.com/xbox-360/2167/Dantes-Inferno/,phishing
www.1up.com/do/previewPage?cId=3172966&amp;p=4,phishing
www.eurogamer.net/articles/dantes-inferno-hands-on-hands-on,phishing
xbox360.gamespy.com/xbox-360/virgil-games-project/,phishing
xbox360.ign.com/objects/818/818226.html,phishing
games.teamxbox.com/xbox-360/1801/Darksiders-Wrath-of-War/,phishing
www.gamespot.com/ps3/action/darksiderswrathofwar/,phishing
en.wikipedia.org/wiki/Darksiders,phishing
www.1up.com/do/gameOverview?cId=3160905,phishing
www.gameindustry.com/review/item.asp?id=14,phishing
xbox.ign.com/articles/377/377903p1.html,phishing
ps2.ign.com/articles/377/377796p1.html,phishing
psp.gamespy.com/playstation-portable/dead-head-fred/,phishing
psp.ign.com/objects/826/826383.html,phishing
www.gamestats.com/objects/826/826383/,phishing
www.gamespot.com/psp/action/deadheadfred/,phishing
www.1up.com/do/gameOverview?cId=3150334,phishing
xbox.ign.com/objects/681/681174.html,phishing
xbox.gamespy.com/xbox/destroy-all-humans/,phishing
games.teamxbox.com/xbox/937/Destroy-All-Humans/,phishing
www.1up.com/do/gameOverview?cId=2019519,phishing
www.cheatscodesguides.com/playstation-2-cheats/destroy-all-humans/,phishing
www.gamefaqs.com/xbox/920590-destroy-all-humans/data,phishing
ps2.ign.com/articles/363/363057p1.html,phishing
www.gamespot.com/ps2/action/disneysstitchexperiment626/,phishing
www.gamerevolution.com/review/ps2/stitch-experiment-626,phishing
ps2.ign.com/articles/166/166639p1.html,phishing
www.gamespot.com/ps2/action/dragonrage/,phishing
www.gamerevolution.com/cheat/ps2/dragon-rage,phishing
www.wolfire.com/lugaru/,phishing
www.zxgames.com/en/boulderdash.shtml,phishing
www.warlockstudio.com/jetjumper.html,phishing
xbox360.gamespy.com/xbox-360/edge-of-twilight/,phishing
xbox360.ign.com/objects/957/957919.html,phishing
games.teamxbox.com/xbox-360/1833/Edge-of-Twilight/,phishing
www.gamespot.com/ps3/action/edgeoftwilight/,phishing
www.1up.com/do/gameOverview?cId=3162704,phishing
ps2.gamespy.com/playstation-2/eragon/,phishing
ps2.ign.com/objects/823/823204.html,phishing
games.teamxbox.com/xbox-360/1484/Eragon/,phishing
www.gamespot.com/pc/adventure/eragon/,phishing
www.gamefaqs.com/ps2/932596-eragon/data,phishing
www.eurogamer.net/articles/p_eragon,phishing
www.gamespot.com/ps2/action/eveofextinction/,phishing
ps2.gamespy.com/playstation-2/family-guy/,phishing
ps2.ign.com/objects/728/728066.html,phishing
games.teamxbox.com/xbox/1422/Family-Guy/,phishing
www.1up.com/do/previewPage?cId=3153333&amp;did=1,phishing
www.gamespot.com/psp/adventure/familyguy/,phishing
ps3.gamespy.com/playstation-3/fantastic-four-ii-/,phishing
ps3.ign.com/objects/864/864864.html,phishing
games.teamxbox.com/xbox-360/1616/Fantastic-Four-Rise-of-the-Silver-Surfer/,phishing
www.gamespot.com/xbox360/action/fantastic4riseofsilversurfer/,phishing
www.1up.com/do/reviewPage?cId=3160641,phishing
www.gamefaqs.com/xbox360/938094-fantastic-four-rise-of-the-silver-surfer/data,phishing
www.armchairempire.com/Previews/PCGames/farscape.htm,phishing
www.gamespot.com/pc/action/farscapethegame/,phishing
www.freewebs.com/feareffect/,phishing
www.neoseeker.com/Games/Products/PSX/feareffect/,phishing
www.gamerevolution.com/cheat/sony/fear-effect,phishing
www.gamespot.com/ps/adventure/feareffect/,phishing
www.neoseeker.com/Games/Products/PSX/feareffect_2/,phishing
www.gamespot.com/ps/adventure/feareffect2retrohelix/,phishing
www.gamerevolution.com/oldsite/games/sony/action/fear_effect_2.htm,phishing
www.realmofgaming.com/?page=ps2cheats/findingnemo.php&amp;type=cheats,phishing
gba.gamespy.com/gameboy-advance/finding-nemo/5926p1.html,phishing
cube.gamespy.com/gamecube/finding-nemo/5941p1.html,phishing
ps2.gamespy.com/playstation-2/finding-nemo/5911p1.html,phishing
xbox.gamespy.com/xbox/finding-nemo/5942p1.html,phishing
www.gamespot.com/dreamcast/action/floiganbros/review.html,phishing
ps3.gamespy.com/playstation-3/monster-kingdom/,phishing
ps3.ign.com/objects/826/826967.html,phishing
en.wikipedia.org/wiki/Folklore_(video_game),phishing
www.gamespot.com/ps3/rpg/monstercarnival/,phishing
www.1up.com/do/gameOverview?cId=3150533,phishing
xbox360.ign.com/objects/747/747906.html,phishing
games.teamxbox.com/xbox-360/1216/Frame-City-Killer/,phishing
www.gamespot.com/xbox360/action/framecitykiller/,phishing
xbox.gamespy.com/xbox/galleon/,phishing
xbox.ign.com/objects/016/016531.html,phishing
games.teamxbox.com/xbox/180/Galleon/,phishing
www.gamestats.com/objects/016/016531/,phishing
www.gamefaqs.com/xbox/374075-galleon-islands-of-mystery/data,phishing
www.eurogamer.net/articles/r_galleon_x,phishing
ps2.gamespy.com/playstation-2/genji/,phishing
ps2.ign.com/objects/700/700641.html,phishing
www.cheatscodesguides.com/playstation-2-cheats/genji/,phishing
www.gamepro.com/sony/ps2/games/reviews/48544.shtml,phishing
www.eurogamer.net/article.php?article_id=61570,phishing
www.psxextreme.com/scripts/reviews2/review.asp?revID=415,phishing
www.gamefaqs.com/console/ps2/data/924365.html,phishing
ps3.gamespy.com/playstation-3/genji/,phishing
ps3.ign.com/objects/761/761160.html,phishing
www.gamestats.com/objects/761/761160/,phishing
en.wikipedia.org/wiki/Genji:_Days_of_the_Blade,phishing
www.gamepro.com/article/reviews/89268/genji-days-of-the-blade/,phishing
www.eurogamer.net/articles/r_genjidaysofblade_ps3,phishing
xbox360.ign.com/objects/729/729509.html,phishing
games.teamxbox.com/xbox-360/1059/The-Godfather/,phishing
www.fileplanet.com/100636/0/section/The-Godfather-,phishing
www.gamefaqs.com/xbox/920131-the-godfather/data,phishing
ps2.ign.com/objects/661/661321.html,phishing
www.cheatscodesguides.com/playstation-2-cheats/god-of-war/,phishing
www.gamespot.com/ps2/action/godofwar/,phishing
ps2.gamespy.com/playstation-2/god-of-war/,phishing
unlimitedgamer.net/gow.php,phishing
www.gamefaqs.com/ps2/919864-god-of-war/data,phishing
ps2.ign.com/articles/596/596778p1.html,phishing
ps2.gamespy.com/playstation-2/god-of-war/598019p1.html?fromint=1,phishing
psp.gamespy.com/playstation-portable/ready-at-dawn-psp-project-2/,phishing
psp.ign.com/objects/886/886122.html,phishing
www.1up.com/do/gameOverview?cId=3157271,phishing
ps2.gamespy.com/playstation-2/god-of-war-2-divine-retribution/,phishing
ps2.ign.com/objects/811/811719.html,phishing
www.gamespot.com/ps2/action/godofwar2/,phishing
www.eurogamer.net/article.php?article_id=64864,phishing
www.computerandvideogames.com/article.php?id=141239,phishing
www.1up.com/do/gameOverview?cId=3148722,phishing
ps3.gamespy.com/playstation-3/god-of-war-iii/,phishing
ps3.ign.com/objects/886/886158.html,phishing
www.1up.com/do/previewPage?cId=3168729&amp;p=37,phishing
wii.gamespy.com/wii/the-golden-compass/,phishing
wii.ign.com/objects/889/889065.html,phishing
games.teamxbox.com/xbox-360/1669/The-Golden-Compass/,phishing
www.1up.com/do/previewPage?cId=3161116,phishing
www.gamespot.com/psp/action/thegoldencompass/,phishing
www.realmofgaming.com/?page=xboxcheats/gunvalkyrie.php&amp;type=cheats,phishing
xbox.ign.com/articles/355/355704p1.html,phishing
www.gamepro.com/microsoft/xbox/games/reviews/21682.shtml,phishing
www.gamespot.com/xbox/action/gunvalkyrie/,phishing
www.g4techtv.com/techtvvault/features/36799/GunValkyrie_Xbox_Review.html,phishing
www.gamespot.com/pc/action/hedzheadextremedz/,phishing
uk.pc.ign.com/objects/010/010460.html,phishing
www.mobygames.com/game/windows/hedz,phishing
reviews.cnet.com/pc-games/h-e-d-z/4505-9696_7-30977313.html,phishing
uk.pc.ign.com/articles/160/160460p1.html,phishing
www.gamerevolution.com/review/pc/hedz,phishing
www.gamesfirst.com/reviews/shawn/Hedz/hedz.htm,phishing
www.bellaonline.com/gaming/w/hp/strategy_lib_hpwalk.html,phishing
scouttokyo.tripod.com/harrypotter/,phishing
www.gamespot.com/gamecube/adventure/harrypotterandthecos/review.html,phishing
www.gamespot.com/gba/adventure/harrypotterandthecos/review.html,phishing
ps2.ign.com/articles/378/378486p1.html,phishing
www.gamepro.com/sony/ps2/games/reviews/27218.shtml,phishing
www.gamespot.com/ps2/adventure/harrypotterandthecos/,phishing
www.gamershell.com/pc/harry_potter_and_the_chamber_of_secrets/,phishing
xbox.ign.com/articles/377/377094p1.html,phishing
www.gamespot.com/xbox/adventure/harrypotterandthecos/review.html,phishing
www.gamepro.com/microsoft/xbox/games/reviews/27216.shtml,phishing
ps2.ign.com/objects/726/726165.html,phishing
ps2.gamespy.com/playstation-2/harry-potter-and-the-goblet-of-fire/,phishing
games.teamxbox.com/xbox/1130/Harry-Potter-and-the-Goblet-of-Fire/,phishing
www.gamespot.com/ds/action/harrypotterandthegobletoffire/,phishing
www.gamefaqs.com/ps2/927365-harry-potter-and-the-goblet-of-fire/data,phishing
www.eurogamer.net/articles/r_gobletoffire_pc,phishing
xbox360.gamespy.com/xbox-360/harry-potter-and-the-half-blood-prince/,phishing
xbox360.ign.com/objects/142/14248952.html,phishing
games.teamxbox.com/xbox-360/1991/Harry-Potter-and-the-HalfBlood-Prince/,phishing
www.1up.com/do/previewPage?cId=3168791&amp;p=4,phishing
ps3.gamespy.com/playstation-3/harry-potter-and-the-order-of-the-phoenix/,phishing
ps3.ign.com/objects/850/850866.html,phishing
games.teamxbox.com/xbox-360/1614/Harry-Potter-and-the-Order-of-the-Phoenix/,phishing
www.gamespot.com/wii/adventure/harrypotterphoenix/,phishing
www.1up.com/do/gameOverview?cId=3155431,phishing
www.level80.co.uk/pcharry.htm,phishing
cube.gamespy.com/gamecube/harry-potter-and-the-sorcerers-stone/494353p1.html,phishing
www.cheatcc.com/psx/codes/hpatss.html,phishing
ps2.gamespy.com/playstation-2/harry-potter-and-the-sorcerers-stone/493911p1.html,phishing
www.pibweb.com/review/potter1.html,phishing
www.gamespot.com/pc/action/harrypotterandthess/review.html,phishing
xbox.gamespy.com/xbox/harry-potter-and-the-sorcerers-stone/494359p1.html,phishing
ps3.ign.com/objects/700/700186.html,phishing
ps2.gamespy.com/playstation-3/just-add-monsters-project-untitled-next-gen-game-/,phishing
www.gamespot.com/ps3/action/heavenlysword/,phishing
games.teamxbox.com/xbox/1028/Heavenly-Sword/,phishing
www.gamestats.com/objects/700/700186/,phishing
ds.gamespy.com/nintendo-ds/henry-hatsworth/,phishing
ds.ign.com/objects/142/14273466.html,phishing
www.cheatcc.com/ds/rev/henryhatsworthinthepuzzlingadventurepreview.html,phishing
www.1up.com/do/previewPage?cId=3169408&amp;p=39,phishing
www.the-spoiler.com/ACTION/Lucas.arts/infernal.machine.1.html,phishing
www.the-spoiler.com/Sinjin/INDY/indywalk.htm,phishing
www.neoseeker.com/Games/Products/N64/IndyIM/IndyIM_reviews.html,phishing
ign64.ign.com/objects/012/012182.html,phishing
indianajones.ugo.com/?cur=infernal-machine&amp;gallery=true,phishing
pc.ign.com/articles/161/161694p1.html,phishing
www.activewin.com/reviews/software/games/i/indy_infernal.shtml,phishing
www.gamespot.com/gbc/adventure/indianajonesandtheim/,phishing
ds.gamespy.com/nintendo-ds/insecticide/,phishing
ds.ign.com/objects/884/884642.html,phishing
www.1up.com/do/gameOverview?cId=3157130,phishing
www.gamespot.com/pc/adventure/jazzandfaust/,phishing
www.gameindustry.com/review/item.asp?id=191,phishing
www.gamershell.com/articles/496.html,phishing
www.rare-extreme.com/?section=kameo&amp;page=kameo.html,phishing
xbox360.ign.com/objects/490/490038.html,phishing
games.teamxbox.com/xbox-360/1198/Kameo-Elements-of-Power/,phishing
www.eurogamer.net/article.php?article_id=61759,phishing
xbox360.gamespy.com/xbox-360/kameo-elements-of-power/,phishing
www.gamestats.com/objects/649/649600/,phishing
cube.ign.com/objects/495/495539.html,phishing
cube.gamespy.com/gamecube/killer-7/,phishing
www.gamefaqs.com/console/ps2/data/919768.html,phishing
www.gameindustry.com/review/item.asp?id=586,phishing
xbox360.gamespy.com/xbox-360/luxoflux-next-gen-project/,phishing
xbox360.ign.com/objects/815/815933.html,phishing
games.teamxbox.com/xbox-360/1957/Kung-Fu-Panda/,phishing
www.1up.com/do/gameOverview?cId=3165907,phishing
www.gamespot.com/wii/action/kungfupanda/index.html?tag=tabs;summary2,phishing
uk.gamespot.com/ps2/action/kyadarklineage/review.html?om_act=convert&amp;om_clk=gssummary&amp;tag=summary;read-review,phishing
www.freewebs.com/vampirecitadel/,phishing
www.level80.co.uk/psblood.htm,phishing
www.gamespot.com/ps/adventure/bloodomenlegacyofkain/,phishing
www.gamespot.com/pc/adventure/bloodomenlegacyofkain/,phishing
www.realmofgaming.com/?page=gcreviews/legacyofkainbloodomen2.php&amp;type=reviews,phishing
www.gamespot.com/gamecube/action/bloodomen2/,phishing
www.gamespot.com/xbox/adventure/bloodomen2/,phishing
www.gamespot.com/pc/action/bloodomen2/,phishing
www.gamespot.com/ps2/adventure/bloodomen2/,phishing
cube.gamespy.com/gamecube/blood-omen-2-legacy-of-kain/498330p1.html,phishing
www.armchairempire.com/Reviews/XBox/legacy-kain-defiance.htm,phishing
www.ggmania.com/full.php3?show=5625,phishing
www.neoseeker.com/Games/Products/PSX/soulreaver/,phishing
www.epinions.com/game-Titles-Consoles-SonyPlaystation-All-Legacy_of_Kain_-_Soul_Reaver,phishing
www.epinions.com/game-Titles-Consoles-SegaDreamcast-All-Legacy_of_Kain:_Soul_Reaver,phishing
www.gamespot.com/ps/adventure/legacyofkainsoulreaver/,phishing
www.gamespot.com/pc/action/legacyofkainsoulreaver/,phishing
www.gamespot.com/dreamcast/adventure/legacyofkainsoulreaver/,phishing
www.gamefaqs.com/console/ps2/game/913911.html,phishing
dreamcast.ign.com/objects/014/014612.html,phishing
www.gamespot.com/ps2/adventure/soulreaver2/,phishing
www.gamespot.com/pc/action/soulreaver2/,phishing
ps2.ign.com/articles/362/362780p1.html,phishing
www.gamespot.com/ps2/strategy/legionlegendofexcalibur/,phishing
www.gamerevolution.com/review/ps2/legion,phishing
xbox360.gamespy.com/xbox-360/lego-batman-the-videogame/,phishing
xbox360.ign.com/objects/896/896273.html,phishing
games.teamxbox.com/xbox-360/1689/LEGO-Batman-The-Videogame/,phishing
www.gamepro.com/article/previews/185808/lego-batman-takes-flight/,phishing
palgn.com.au/playstation-3/11519/lego-batman-the-videogame-preview/,phishing
www.eurogamer.net/articles/lego-batman-preview,phishing
xbox360.gamespy.com/xbox-360/lords-of-shadow/,phishing
xbox360.ign.com/objects/142/14275421.html,phishing
xbox.ign.com/articles/372/372406p1.html,phishing
www.game-over.net/reviews.php?page=xboxreviews&amp;id=43,phishing
www.armchairempire.com/Reviews/XBox/lord-rings.htm,phishing
www.gamespot.com/ps2/adventure/lordoftheringsthefotr/,phishing
www.g4tv.com/techtvvault/features/40573/The_Lord_of_the_Rings_The_Fellowship_of_the_Ring_GBA_Review.html,phishing
www.eagames.com/official/lordoftherings/returnoftheking/,phishing
ps2.ign.com/objects/552/552287.html,phishing
www.psx2codes.com/lordringsking.html,phishing
www.gamestats.com/objects/623/623829,phishing
ps2.gamespy.com/playstation-2/the-lord-of-the-rings-trilogy,phishing
ps2.ign.com/objects/623/623829.html,phishing
www.eagames.com/official/lordoftherings/thetwotowers/us/home.jsp,phishing
www.game-over.net/reviews.php?page=ps2reviews&amp;id=91,phishing
ps2.ign.com/articles/375/375003p1.html,phishing
www.gamepro.com/sony/ps2/games/reviews/26842.shtml,phishing
xbox.gamespy.com/xbox/the-lord-of-the-rings-the-two-towers/5507p1.html,phishing
cube.gamespy.com/gamecube/the-lord-of-the-rings-the-two-towers/5506p1.html,phishing
www.gamespot.com/ps2/action/lordoftheringsthett/,phishing
www.gameindustry.com/review/item.asp?id=201,phishing
www.g4tv.com/techtvvault/features/40485/The_Lord_of_the_Rings_The_Two_Towers_PS2_Review.html,phishing
xbox360.gamespy.com/xbox-360/lost/,phishing
xbox360.ign.com/objects/829/829060.html,phishing
en.wikipedia.org/wiki/Lost:_The_Video_Game,phishing
www.videogamer.com/ps3/lost/preview-737.html,phishing
www.1up.com/do/gameOverview?cId=3150965,phishing
games.teamxbox.com/xbox-360/1819/Lost-Via-Domus/,phishing
play.tm/preview/15957/lost/,phishing
www.rockstargames.com/manhunt/,phishing
ps2.ign.com/objects/549/549938.html,phishing
news.bbc.co.uk/1/hi/england/leicestershire/3936597.stm,phishing
www.cheatscodesguides.com/playstation-2-cheats/manhunt/,phishing
www.theregister.co.uk/2004/07/29/dixons_manhunt/,phishing
www.armchairempire.com/Reviews/ps2/manhunt.htm,phishing
www.gameindustry.com/review/item.asp?id=9,phishing
ps2.gamespy.com/playstation-2/marc-eckos-getting-up-contents-under-pressure/,phishing
ps2.ign.com/objects/681/681791.html,phishing
www.cheatscodesguides.com/playstation-2-cheats/marc-eckos-getting-up-contents-under-pressure/,phishing
'www.fileplanet.com/100541/0/section/Marc-Ecko\'s-Getting-Up:-Contents-Under-Pressure-',phishing
games.teamxbox.com/xbox/1272/Marc-Eckos-Getting-Up-Contents-Under-Pressure/,phishing
'en.wikipedia.org/wiki/Marc_Ecko\'s_Getting_Up:_Contents_Under_Pressure',phishing
www.gamespot.com/pc/action/marceckosgettingup/,phishing
www.gamefaqs.com/computer/doswin/data/928841.html,phishing
www.gamepro.com/sony/ps2/games/reviews/51969.shtml,phishing
www.realmofgaming.com/?page=ps2cheats/themarkofkri.php&amp;type=cheats,phishing
ps2.ign.com/articles/365/365358p1.html,phishing
www.game-over.net/reviews.php?page=ps2reviews&amp;id=54,phishing
www.armchairempire.com/Reviews/ps2/mark-of-kri.htm,phishing
www.contactmusic.com/new/home.nsf/webpages/markofkrix20x03x03,phishing
www.gamepro.com/sony/ps2/games/reviews/25341.shtml,phishing
www.gamespot.com/ps2/action/markofkri/,phishing
www.g4tv.com/techtvvault/features/38706/The_Mark_of_Kri_PS2_Review.html,phishing
www.snackbar-games.com/reviews/playstation_2/mark_of_kri-55.html,phishing
ps2.ign.com/objects/696/696714.html,phishing
games.teamxbox.com/xbox/1094/The-Matrix-Path-of-Neo/,phishing
www.extremegamer.ca/xbox/games/matrix_pathofneo.php,phishing
ps2.gamespy.com/playstation-2/enter-the-matrix-reloaded/666152p1.html,phishing
www.strategyinformer.com/pc/thematrixpathofneo/review.html,phishing
www.realmofgaming.com/?page=xboxreviews/matrixpathofneo.php&amp;type=reviews,phishing
www.gamespot.com/ps2/action/thematrixthepathofneo/review.html,phishing
www.cheatcc.com/psx2/maximo.html,phishing
www.neoseeker.com/Games/Products/PS2/maximo/info.html,phishing
ps2.ign.com/articles/324/324580p1.html,phishing
www.gamepro.com/sony/ps2/games/reviews/20583.shtml,phishing
www.armchairempire.com/Reviews/ps2/maximo.htm,phishing
www.contactmusic.com/new/home.nsf/webpages/maximox28x03x02,phishing
www.gamespot.com/ps2/action/maximoghoststoglory/review.html,phishing
www.intoliquidsky.net/site/reviews/maximo.html,phishing
www.gamerevolution.com/oldsite/games/ps2/action/maximo.htm,phishing
www.gamershell.com/ps2/maximo_ghosts_to_glory/review.html,phishing
ps2.ign.com/articles/403/403179p1.html,phishing
ps2.gamespy.com/playstation-2/maximo-vs-army-of-zin/491309p1.html,phishing
gamespot.com/ps2/action/maximovsaoz/review.html,phishing
www.gamespot.com/pc/action/crusadersofmightandmagic/review.html,phishing
www.gamespot.com/ps/adventure/crusadersofmightandmagic/review.html,phishing
www.absolute-playstation.com/api_review/rcrusadersofmight.htm,phishing
psx.ign.com/articles/131/131628p1.html,phishing
psx.ign.com/articles/161/161628p1.html,phishing
pc.ign.com/objects/736/736193.html,phishing
pc.gamespy.com/pc/might-and-magic/,phishing
www.fileplanet.com/102264/0/section/Dark-Messiah-of-Might-&amp;-Magic-,phishing
www.1up.com/do/previewPage?cId=3149483&amp;did=1,phishing
www.firingsquad.com/games/dark_messiah_preview/,phishing
www.gamefaqs.com/pc/929360-dark-messiah-of-might-and-magic/data,phishing
pc.gamespy.com/pc/might-and-magic/742367p1.html,phishing
www.game-over.net/reviews.php?id=1092,phishing
www.gamespot.com/pc/action/darkmessiahofmightmagic/review.html,phishing
pc.ign.com/articles/742/742365p1.html,phishing
www.gamecritics.com/node/3777,phishing
www.eurogamer.net/articles/p_darkmessiah_pc,phishing
ps2.ign.com/objects/014/014419.html,phishing
www.gamespot.com/ps2/adventure/warriorsofmightandmagic/,phishing
www.gamevortex.com/gamevortex/soft_rev.php/439,phishing
ps2.ign.com/articles/164/164419p1.html,phishing
www.gamerevolution.com/review/ps2/warriors-might,phishing
www.armchairempire.com/Reviews/XBox/minority-report.htm,phishing
www.armchairempire.com/Reviews/ps2/minority-report.htm,phishing
www.gamespot.com/ps2/adventure/minorityreporteverybodyruns/,phishing
xbox360.ign.com/objects/747/747832.html,phishing
games.teamxbox.com/xbox-360/1278/NinetyNine-Nights/,phishing
www.1up.com/do/previewPage?cId=3140475&amp;did=1,phishing
www.gamespot.com/xbox360/action/ninetyninenights/review.html,phishing
www.gamespot.com/ninetyninenights,phishing
www.xboxexclusive.com/reviews/Nightcaster/,phishing
xbox.ign.com/articles/166/166185p1.html,phishing
reviews.teamxbox.com/xbox/316/Nightcaster/p1/,phishing
www.gamespot.com/xbox/adventure/nightcaster/,phishing
xbox.ign.com/articles/380/380193p1.html,phishing
www.gamepro.com/microsoft/xbox/games/reviews/27609.shtml,phishing
www.gamespot.com/xbox/action/nightcaster2equinox/,phishing
wii.gamespy.com/wii/heroes/,phishing
wii.ign.com/objects/827/827358.html,phishing
en.wikipedia.org/wiki/No_More_Heroes_(video_game),phishing
www.snackbar-games.com/reviews/xbox/otogi_myth_of_demons-65.html,phishing
xbox360.gamespy.com/xbox-360/overlord/,phishing
xbox360.ign.com/objects/825/825967.html,phishing
games.teamxbox.com/xbox-360/1459/Overlord/,phishing
www.gamespot.com/xbox360/action/overlord/,phishing
www.armchairempire.com/Previews/multi-platform/overlord.htm,phishing
www.1up.com/do/previewPage?cId=3150826&amp;did=1,phishing
wii.gamespy.com/wii/overlord-dark-legend/,phishing
wii.ign.com/objects/142/14273777.html,phishing
www.nintendoworldreport.com/previewArt.cfm?artid=17761,phishing
www.ugo.com/games/overlord-dark-legend-hands-on,phishing
xbox360.gamespy.com/xbox-360/overlord-ii/,phishing
xbox360.ign.com/objects/142/14273774.html,phishing
games.teamxbox.com/xbox-360/2106/Overlord-II/,phishing
www.gamesxtreme.net/xbox360/game/overlord-ii/review.html,phishing
www.realmofgaming.com/?page=xboxcheats/panzerdragoonorta.php&amp;type=cheats,phishing
xbox.ign.com/articles/382/382195p1.html,phishing
www.gamespot.com/xbox/action/panzerdragoonorta/,phishing
www.gamerslogik.com/review.php?RevID=91,phishing
www.gamespot.com/saturn/rpg/panzerdragoonsaga/,phishing
www.gamepro.com/microsoft/xbox/games/reviews/27792.shtml,phishing
www.gameindustry.com/review/item.asp?id=164,phishing
www.intoliquidsky.net/site/reviews/panzer_do.html,phishing
xbox360.ign.com/objects/736/736204.html,phishing
games.teamxbox.com/xbox-360/1285/Peter-Jacksons-King-Kong/,phishing
www.fileplanet.com/102053/0/section/King-Kong-,phishing
www.realmofgaming.com/?page=ps2reviews/peterjacksonskingkong.php&amp;type=reviews,phishing
www.gamefaqs.com/gamecube/924958-peter-jacksons-king-kong-the-official-game-of-the/data,phishing
www.take2games.com/index.php?p=games&amp;title=piglet,phishing
www.fourfatchicks.com/Reviews/Piglet/Piglet.shtml,phishing
www.gamespot.com/gamecube/adventure/pigletsbiggame/review.html,phishing
www.gamespot.com/ps2/adventure/pigletsbiggame/review.html,phishing
ps2.ign.com/articles/392/392047p1.html,phishing
www.gamepro.com/sony/ps2/games/reviews/21005.shtml,phishing
ps2.ign.com/articles/354/354378p1.html,phishing
www.gamespot.com/ps2/action/piratesthelegendofblackkat/,phishing
www.gameindustry.com/review/item.asp?id=251,phishing
www.contactmusic.com/new/home.nsf/webpages/primalx11x04x03,phishing
www.gamepro.com/microsoft/xbox/games/reviews/25867.shtml,phishing
xbox.ign.com/articles/368/368573p1.html,phishing
www.contactmusic.com/new/home.nsf/webpages/powx01x08x02,phishing
www.gamespot.com/xbox/action/prisonerofwar/,phishing
www.gamespot.com/pc/action/prisonerofwar/,phishing
www.gameindustry.com/review/item.asp?id=189,phishing
www.gamerevolution.com/cheat/xbox/prisoner-of-war,phishing
ps2.ign.com/articles/164/164929p1.html,phishing
www.gamespot.com/ps2/action/projecteden/,phishing
www.actiontrip.com/reviews/projecteden.phtml,phishing
pc.ign.com/articles/164/164378p1.html,phishing
www.gamespot.com/pc/adventure/projecteden/,phishing
www.gamerevolution.com/review/pc/project-eden,phishing
xbox360.gamespy.com/xbox-360/prototype/,phishing
xbox360.ign.com/objects/950/950254.html,phishing
games.teamxbox.com/xbox-360/1828/Prototype/,phishing
www.1up.com/do/gameOverview?cId=3161970,phishing
www.gamespot.com/prototype/platform/xbox360/,phishing
ps2.ign.com/articles/363/363536p1.html,phishing
www.gamespot.com/ps2/action/pryzmchapteronethedu/,phishing
www.fluidgames.net/games/therage/info.html,phishing
ofrsite.tripod.com/TheRage/,phishing
www.gamerevolution.com/download/pc/the-rage,phishing
www.freewebs.com/black-wyvern/,phishing
www.bellaonline.com/gaming/w/clank/clankwalk.html,phishing
www.ps2cheatszone.com/ratchetandclankcheats.html,phishing
www.game-over.net/reviews.php?page=ps2reviews&amp;id=94,phishing
www.gamerstemple.com/vg/games/000164/000164r01.asp,phishing
ps2.ign.com/articles/376/376261p1.html,phishing
absolute-playstation.com/ratchet_clank/ratchet_clank_review.htm,phishing
www.gamepro.com/sony/ps2/games/reviews/26928.shtml,phishing
www.contactmusic.com/new/home.nsf/webpages/ratchetandclankreviewx26x11x02,phishing
www.gamespot.com/ps2/action/ratchetclank/,phishing
www.gameindustry.com/review/item.asp?id=240,phishing
www.snackbar-games.com/reviews/playstation_2/ratchet_clank-52.html,phishing
ps2.ign.com/objects/550/550444.html,phishing
www.gamespot.com/ps2/action/ratchetandclank2/index.html,phishing
www.neoseeker.com/Games/Products/PS2/ratchet_clank_commando/,phishing
www.armchairempire.com/Reviews/ps2/ratchet-clank-going-commando.htm,phishing
www.gamingnexus.com/Default.aspx?Section=Article&amp;ArticleType=1&amp;OldUID=384,phishing
psp.gamespy.com/playstation-portable/ratchet-and-clank/,phishing
psp.ign.com/objects/824/824315.html,phishing
www.gamestats.com/objects/824/824315/,phishing
www.1up.com/do/reviewPage?cId=3157169,phishing
www.gamefaqs.com/psp/932613-ratchet-and-clank-size-matters/data,phishing
www.gamepro.com/article/reviews/98228/ratchet-clank-size-matters/,phishing
ps2.ign.com/objects/655/655717.html,phishing
ps2.gamespy.com/playstation-2/ratchet-and-clank-up-your-arsenal/,phishing
www.cheatscodesguides.com/playstation-2-cheats/ratchet-and-clank-up-your-arsenal/,phishing
www.gamespot.com/ps2/action/ratchetclankiii/,phishing
www.gamefaqs.com/console/ps2/data/919902.html,phishing
www.mobygames.com/game/ratchet-clank-up-your-arsenal,phishing
ps3.gamespy.com/playstation-3/ratchet-clank-next/,phishing
ps3.ign.com/objects/887/887461.html,phishing
www.gamesradar.com/ps3/ratchet-clank-future-a-crack-in-time/preview/ratchet-clank-future-a-crack-in-time/a-20090722115011681062/g-20090602174818746011,phishing
cheatcc.com/ps3/rev/ratchetacrackintimepreview.html,phishing
e3.g4tv.com/games/ps3/61631/ratchet--clank-future-a-crack-in-time/articles/67799/Ratchet--Clank-Future-A-Crack-in-Time-Comic-Con-Preview/,phishing
ps3.gamespy.com/playstation-3/ratchet-clank-future-quest-for-booty/,phishing
ps3.ign.com/objects/142/14266751.html,phishing
www.shacknews.com/featuredarticle.x?id=948,phishing
ps3.gamespy.com/playstation-3/ratchet-and-clank-ps3/,phishing
ps3.ign.com/objects/819/819456.html,phishing
www.gamestats.com/objects/819/819456/,phishing
www.1up.com/do/gameOverview?cId=3157407,phishing
ps2.ign.com/objects/737/737570.html,phishing
ps2.gamespy.com/playstation-2/ratchet-deadlocked/,phishing
www.1up.com/do/previewPage?cId=3139571&amp;did=1,phishing
www.freewebs.com/firebirdsclanps2/,phishing
www.gamespot.com/ratchet-deadlocked/previews/ratchet-deadlocked-updated-hands-on-6129911/,phishing
psp.ign.com/objects/964/964763.html,phishing
www.1up.com/do/previewPage?cId=3166452,phishing
psp.gamespy.com/playstation-portable/secret-agent-clank/,phishing
www.gamepro.com/article/previews/150788/secret-agent-clank-developer-interview/,phishing
pc.gamespy.com/pc/rebels-prison-escape/,phishing
pc.ign.com/objects/605/605988.html,phishing
www.gamespot.com/pc/strategy/rebels/,phishing
www.gamefaqs.com/pc/915411-rebels-prison-escape/data,phishing
psp.gamespy.com/playstation-portable/the-tower-of-purgatory/,phishing
psp.ign.com/objects/683/683129.html,phishing
www.cheatscodesguides.com/playstation-portable-cheats/the-tower-of-purgatory/,phishing
www.gamestats.com/objects/683/683129/,phishing
www.1up.com/do/reviewPage?cId=3140235&amp;did=1,phishing
www.gamespot.com/psp/action/rengokuthetowerofpurgatory/,phishing
www.psxextreme.com/scripts/reviews3/review.asp?RevID=23,phishing
www.gamefaqs.com/portable/psp/data/920827.html,phishing
psp.gamespy.com/playstation-portable/rengoku-2/,phishing
psp.ign.com/objects/769/769631.html,phishing
www.gamestats.com/objects/769/769631/,phishing
www.gamespot.com/psp/action/rengoku2/,phishing
www.1up.com/do/gameOverview?cId=3143774,phishing
ps2.gamespy.com/playstation-2/reservoir-dogs/,phishing
ps2.ign.com/objects/536/536075.html,phishing
games.teamxbox.com/xbox/1462/Reservoir-Dogs/,phishing
www.gamespot.com/xbox/action/reservoirdogs/,phishing
ps2.gamezone.com/previews/item/reservoir_dogs_pc_preview,phishing
www.gamefaqs.com/portable/ds/data/924608.html,phishing
www.gamespot.com/ds/action/robots/,phishing
www.worthplaying.com/article.php?sid=10917,phishing
ps2.ign.com/articles/391/391739p1.html,phishing
www.entdepot.com/ps2/rtxredrock/review.php,phishing
www.gamespot.com/ps2/action/rtxredrock/review.html,phishing
ps2.gamespy.com/playstation-2/rtx-red-rock/5978p1.html,phishing
www.gameindustry.com/review/item.asp?id=10,phishing
www.gamershell.com/ps2/rtx_red_rock/review.html,phishing
www.gamespot.com/ps2/action/rygarthelegendaryadventure/,phishing
xbox360.gamespy.com/xbox-360/saboteur/,phishing
xbox360.ign.com/objects/894/894259.html,phishing
games.teamxbox.com/xbox-360/1696/The-Saboteur/,phishing
www.bit-tech.net/gaming/pc/2009/05/07/the-saboteur-preview/1,phishing
www.gamespot.com/gamecube/adventure/scoobydoonightof100frights/,phishing
www.gamespot.com/ps2/adventure/scoobydoonightof100frights/,phishing
www.game-over.net/reviews.php?page=ps2reviews&amp;id=51,phishing
ps2.ign.com/articles/361/361505p1.html,phishing
www.gamespot.com/ps2/adventure/scoobydoonightof100frights/review.html,phishing
www.gameindustry.com/review/item.asp?id=134,phishing
www.gamespot.com/gamecube/action/scorpionkingriseofta/,phishing
www.gamespot.com/ps2/action/scorpionkingriseofta/,phishing
cube.ign.com/articles/100/100983p1.html,phishing
www.game-over.net/reviews.php?id=64&amp;page=ps2reviews,phishing
www.gamespot.com/gba/action/scorpionkingswordofosiris/,phishing
ds.gamespy.com/nintendo-ds/scurge-hive/,phishing
ds.ign.com/objects/764/764878.html,phishing
www.1up.com/do/previewPage?cId=3140825&amp;did=1,phishing
ps2.gamespy.com/playstation-2/second-sight/,phishing
ps2.ign.com/objects/640/640604.html,phishing
www.cheatscodesguides.com/playstation-2-cheats/second-sight/,phishing
games.teamxbox.com/xbox/829/Second-Sight/,phishing
www.gamespot.com/pc/action/secondsight/,phishing
www.gamepro.com/article/reviews/43129/second-sight/,phishing
www.eurogamer.net/articles/r_secondsight_pc,phishing
ps2.gamespy.com/playstation-2/ico-ii/,phishing
www.eurogamer.net/article.php?article_id=59445,phishing
www.1up.com/do/previewPage?cId=3140737&amp;did=1,phishing
www.actiontrip.com/previews/theshadowofzorro_i.phtml,phishing
ps2.ign.com/articles/365/365934p1.html,phishing
www.gamespot.com/ps2/action/shifters/review.html,phishing
www.gamerevolution.com/review/ps2/shifters,phishing
www.gamepro.com/sony/ps2/games/reviews/27049.shtml,phishing
www.contactmusic.com/new/home.nsf/webpages/shinobix09x05x03,phishing
www.gamespot.com/ps2/action/shinobi/review.html,phishing
www.atlus.com/sg/index.html,phishing
www.game-over.net/reviews.php?page=ps2reviews&amp;id=49,phishing
ps2.ign.com/articles/363/363290p1.html,phishing
www.gamespot.com/ps2/action/skygunner/,phishing
www.g4tv.com/techtvvault/features/35542/SkyGunner_PS2_Review.html,phishing
www.armchairempire.com/Reviews/XBox/sneakers.htm,phishing
xbox.ign.com/articles/375/375451p1.html,phishing
www.gamespot.com/xbox/puzzle/sneakers/,phishing
pc.ign.com/objects/689/689967.html,phishing
pc.gamespy.com/pc/gorky-zero-aurora-watching/,phishing
www.fileplanet.com/100858/0/section/Aurora-Watching,phishing
www.gamespot.com/pc/action/aurorawatching/,phishing
www.gamefaqs.com/pc/924744-soldier-elite/data,phishing
xbox.gamespy.com/xbox/spartan-total-warrior/,phishing
xbox.ign.com/objects/734/734614.html,phishing
games.teamxbox.com/xbox/1105/Spartan-Total-Warrior/,phishing
www.gamefaqs.com/console/gamecube/data/926678.html,phishing
xbox.gamespy.com/xbox/spawn-armageddon/6454p1.html,phishing
www.worthplaying.com/article.php?sid=14282,phishing
cube.gamespy.com/gamecube/spawn-armageddon/6452p1.html,phishing
www.armchairempire.com/Reviews/ps2/spawn-armageddon.htm,phishing
ps2.gamespy.com/playstation-2/spawn-armageddon/498422p1.html,phishing
xbox.gamespy.com/xbox/spawn-armageddon/498599p1.html,phishing
ps2.gamespy.com/playstation-2/spawn-armageddon/6453p1.html,phishing
www.frictionlessinsight.com/archives/2004/01/spawn-armageddo.html,phishing
www.gamespot.com/dreamcast/action/spawn/,phishing
www.gamespot.com/ps/action/spawntheeternal/,phishing
www.epinions.com/game-Software-All-Playstation-Spawn_The_Eternal,phishing
pc.ign.com/objects/813/813588.html,phishing
games.teamxbox.com/xbox-360/1165/Stranglehold/,phishing
www.gamespot.com/xbox360/action/stranglehold/,phishing
ps2.gamespy.com/playstation-3/stranglehold/,phishing
www.gamefaqs.com/ps3/928103-stranglehold/data,phishing
xbox360.gamespy.com/xbox-360/remedy-project-next-gen-title/,phishing
xbox360.ign.com/objects/743/743608.html,phishing
games.teamxbox.com/xbox-360/1148/Alan-Wake/,phishing
www.armchairempire.com/Previews/multi-platform/alan-wake.htm,phishing
www.computerandvideogames.com/article.php?id=141967,phishing
www.gamestats.com/objects/743/743608/,phishing
www.gamespot.com/xbox360/action/alanwake/,phishing
www.eurogamer.net/articles/p_alanwake_nextgen,phishing
www.fileplanet.com/101264/0/0/0/1/section/Movies,phishing
www.gamefaqs.com/xbox360/928006-alan-wake/data,phishing
www.gamespot.com/pc/adventure/aloneinthedarktrilogy/,phishing
www.adventurecollective.com/reviews/aitd.htm,phishing
www.mobygames.com/game/alone-in-the-dark,phishing
www.uhs-hints.com/uhsweb/alone.php,phishing
www.gameboomers.com/wtcheats/pcAa/aloneinthedark.html,phishing
www.ataniel.org/alonereview.htm,phishing
xbox360.ign.com/objects/774/774387.html,phishing
games.teamxbox.com/xbox-360/1330/Alone-in-the-Dark/,phishing
www.1up.com/do/previewPage?cId=3150301&amp;did=1,phishing
www.adventurecollective.com/reviews/aitd2.htm,phishing
www.adventurecollective.com/reviews/aitd3.htm,phishing
www.neoseeker.com/forums/index.php?fn=browse_forum&amp;d=5702,phishing
www.uhs-hints.com/uhsweb/alone4.php,phishing
www.gamebits.net/psx/alondark.shtml,phishing
dreamcast.ign.com/articles/161/161899p1.html,phishing
www.gamespot.com/dreamcast/adventure/aloneinthedarkthenn/,phishing
www.gamespot.com/ps/adventure/aloneinthedarkthenn/,phishing
www.gamepro.com/sony/ps3/27727/info.shtml,phishing
www.gamerevolution.com/review/sony/alone-in-the-dark-the-new-nightmare,phishing
'www.armchairempire.com/Reviews/PC\%20Games/alone_in_the_dark4.htm',phishing
www.actiontrip.com/reviews/aloneinthedarkthenewnightmare.phtml,phishing
pc.ign.com/articles/162/162165p1.html,phishing
www.gamespot.com/pc/adventure/aloneinthedarkthenn/,phishing
"'www.mobygames.com/game_group/sheet/gameGroupId,144/'",phishing
ps2.ign.com/objects/017/017283.html,phishing
www.realmofgaming.com/?page=xboxcheats/bloodrayne.php&amp;type=cheats,phishing
www.gamefaqs.com/computer/doswin/code/542017.html,phishing
www.gamespot.com/gamecube/action/bloodrayne/,phishing
www.gamespot.com/ps2/action/bloodrayne/,phishing
play.tm/story/1666,phishing
www.gamepro.com/microsoft/xbox/games/reviews/27270.shtml,phishing
xbox.ign.com/articles/374/374365p1.html,phishing
www.gamespot.com/xbox/action/bloodrayne/,phishing
www.gamershell.com/pc/bloodrayne/review.html,phishing
www.snackbar-games.com/reviews/xbox/bloodrayne-7.html,phishing
www.realmofgaming.com/?page=ps2cheats/bloodrayne2.php&amp;type=cheats,phishing
www.epinions.com/game-Titles-Consoles-SegaDreamcast-All-Blue_Stinger,phishing
www.gamespot.com/dreamcast/adventure/bluestinger/,phishing
www.gamechronicles.com/qa/coc/dce.htm,phishing
en.wikipedia.org/wiki/Call_of_Cthulhu:_Dark_Corners_of_the_Earth,phishing
www.mobygames.com/game/windows/call-of-cthulhu-dark-corners-of-the-earth,phishing
www.gameindustry.com/review/item.asp?id=613,phishing
pc.ign.com/articles/703/703445p1.html,phishing
xbox.vggen.com/reviews/cthulhu/,phishing
www.armchairempire.com/Reviews/XBox/call-cthulhu-dark-corners-earth.htm,phishing
www.game-over.net/reviews.php?page=xboxreviews&amp;id=265,phishing
www.gamespot.com/xbox/adventure/callofcthuludarkcornersoftheearth/review.html,phishing
www.eurogamer.net/article.php?article_id=61403,phishing
www.xboxaddict.com/staff_review/12495.html,phishing
www.gamespot.com/pc/adventure/callofcthuludarkcornersoftheearth/review.html,phishing
'www.armchairempire.com/Reviews/PC\%20Games/undying.htm',phishing
www.actiontrip.com/reviews/clivebarkersundying.phtml,phishing
pc.ign.com/articles/164/164693p1.html,phishing
www.gamespot.com/pc/action/clivebarkersundying/,phishing
www.gamerevolution.com/review/pc/clive-barkers-undying,phishing
xbox360.ign.com/objects/728/728997.html,phishing
www.fileplanet.com/101474/0/section/Condemned,phishing
games.teamxbox.com/xbox-360/1189/Condemned-Criminal-Origins/,phishing
www.gamefaqs.com/computer/doswin/data/926310.html,phishing
www.gamespot.com/condemned-criminal-origins/platform/xbox360/,phishing
xbox360.gamespy.com/xbox-360/condemned-2-bloodshot/,phishing
xbox360.ign.com/objects/903/903765.html,phishing
games.teamxbox.com/xbox-360/1737/Condemned-2-Bloodshot/,phishing
www.1up.com/do/gameOverview?cId=3159391,phishing
psx.ign.com/articles/131/131835p1.html,phishing
wii.gamespy.com/wii/cursed-mountain/,phishing
wii.ign.com/objects/142/14270799.html,phishing
xbox360.gamespy.com/xbox-360/dead-space/,phishing
xbox360.ign.com/objects/850/850402.html,phishing
games.teamxbox.com/xbox-360/1860/Dead-Space/,phishing
www.gamespot.com/xbox360/action/deadspace/,phishing
en.wikipedia.org/wiki/Dead_Space_(video_game),phishing
www.angelfire.com/goth/devilmaycrytonite/,phishing
