Word,Frequency
email,7861.0
here,7490.0
statements,6381.0
only,5686.0
www,5481.0
money,5231.0
free,4621.0
within,4574.0
report,4215.0
click,3768.0
investment,3723.0
make,3518.0
account,3497.0
future,3462.0
securities,3358.0
inc,3353.0
forward,3232.0
stock,3201.0
best,3196.0
address,3104.0
looking,3079.0
adobe,3073.0
through,3068.0
net,3019.0
use,3016.0
contact,3013.0
want,3007.0
order,2980.0
million,2974.0
online,2955.0
number,2895.0
software,2856.0
news,2849.0
security,2782.0
how,2762.0
his,2754.0
such,2738.0
site,2721.0
than,2717.0
send,2678.0
companies,2664.0
products,2644.0
many,2628.0
made,2561.0
name,2555.0
see,2546.0
gas,2532.0
next,2482.0
today,2482.0
list,2482.0
when,2478.0
before,2470.0
offer,2464.0
home,2432.0
save,2432.0
act,2431.0
should,2424.0
internet,2417.0
some,2390.0
international,2383.0
day,2377.0
professional,2315.0
after,2292.0
website,2291.0
receive,2290.0
know,2274.0
prices,2261.0
very,2248.0
most,2246.0
people,2228.0
world,2218.0
without,2199.0
take,2178.0
based,2157.0
service,2145.0
info,2116.0
year,2085.0
advice,2070.0
bank,2054.0
program,2054.0
product,2026.0
don,2022.0
life,2019.0
system,2016.0
way,2010.0
results,1998.0
them,1980.0
first,1975.0
high,1974.0
services,1972.0
part,1963.0
stocks,1936.0
available,1928.0
per,1914.0
reply,1907.0
stop,1905.0
were,1896.0
pills,1894.0
dollars,1872.0
link,1864.0
because,1864.0
performance,1811.0
does,1805.0
due,1803.0
then,1801.0
good,1788.0
phone,1786.0
days,1782.0
below,1771.0
interest,1770.0
oil,1768.0
section,1764.0
sent,1756.0
web,1747.0
those,1724.0
work,1721.0
had,1703.0
even,1698.0
visit,1680.0
wish,1676.0
fact,1668.0
must,1666.0
much,1666.0
own,1661.0
years,1645.0
two,1641.0
line,1638.0
help,1632.0
find,1627.0
office,1625.0
font,1624.0
well,1619.0
being,1618.0
every,1615.0
windows,1612.0
special,1598.0
technology,1593.0
shares,1581.0
full,1578.0
current,1575.0
low,1562.0
provided,1562.0
under,1553.0
remove,1545.0
marketing,1538.0
look,1523.0
industry,1518.0
country,1509.0
her,1507.0
great,1506.0
viagra,1503.0
right,1494.0
cash,1488.0
total,1488.0
energy,1484.0
provide,1484.0
events,1480.0
back,1475.0
size,1462.0
newsletter,1456.0
regards,1453.0
sales,1438.0
thank,1420.0
where,1411.0
offers,1406.0
states,1385.0
customers,1380.0
buy,1379.0
long,1372.0
check,1367.0
each,1359.0
call,1352.0
real,1349.0
while,1342.0
fax,1339.0
investing,1335.0
last,1323.0
computer,1317.0
including,1317.0
further,1316.0
easy,1314.0
form,1314.0
quality,1313.0
limited,1312.0
claim,1311.0
trade,1308.0
transaction,1307.0
come,1297.0
include,1296.0
read,1295.0
since,1289.0
financial,1289.0
funds,1287.0
expectations,1282.0
received,1281.0
hours,1279.0
computron,1271.0
above,1270.0
week,1258.0
material,1255.0
your,
bot,
just,
pay,
from,
new,
our,
private,
hour,
working,
subscription,
invitation,
with,
double,
earn,
avoid,
now,
expire,
interruption,
will,
crypto,
premium,
get,
certification,
canceled,
pro,
payment,
the,
joining,
lucky,
courses,
discount,
been,
congratulations,
wheel,
all,
spinning,
group,
grand,
macbook,
signal,
prize,
win,
brand,
has,
update,
fast,
netflix,
won,
monthly,
